x,y,speed,lookahead
7.049148217,4.337734371,5.5,1.49
7.0429992341048235,4.274284941745461,5.4914719373648495,1.4871573124549498
7.03752847428396,4.210753291133668,5.482943874729699,1.4843146249098997
7.032335940003594,4.1471919250056875,5.4744158120945485,1.4814719373648495
7.027021633729914,4.083653349202586,5.465887749459398,1.4786292498197993
7.021185557929107,4.020190069565432,5.4573596868242475,1.475786562274749
7.014427715067359,3.9568545919352913,5.448831624189097,1.472943874729699
7.006609432085826,3.893648119672949,5.437450358553302,1.4693987808243785
6.998490527400011,3.8304196082913267,5.424084256047494,1.4653650564075658
6.98990099111999,3.767232119320872,5.410718153541685,1.461331331990753
6.980547337945234,3.704174562390074,5.3973520510358775,1.4572976075739403
6.970136082575215,3.641335847127418,5.383985948530069,1.4532638831571274
6.958373739709399,3.5788048831613897,5.370619846024261,1.4492301587403147
6.944985735585603,3.5166600362729667,5.353443730895317,1.4442644628150907
6.930447467995539,3.454597184186977,5.318850415203472,1.435038325708558
6.914894925434479,3.392602281123701,5.284257099511626,1.425812188602025
6.89807321406955,3.3308964628848705,5.24966378381978,1.4165860514954922
6.879727440067879,3.2697008652722195,5.2150704681279345,1.4073599143889595
6.859602709596594,3.2092366240874792,5.180477152436088,1.3981337772824267
6.837444128822821,3.1497248751323825,5.145883836744243,1.3889076401758937
6.813171206106165,3.0911188371579925,5.126222167754399,1.3837659395578659
6.787067099827084,3.033015166407277,5.111039992775156,1.3798495698863893
6.759156061402056,2.9755900841430662,5.095857817795912,1.375933200214913
6.729449005295482,2.9190437378761422,5.0806756428166695,1.3720168305434364
6.6979568459717616,2.8635762751172895,5.065493467837427,1.3681004608719598
6.664690497895294,2.8093878433772903,5.050311292858183,1.3641840912004832
6.629620742836312,2.756652601055168,5.046332464713699,1.3633286880966484
6.59239165753106,2.7052072275229895,5.062359613059854,1.3679392967207449
6.553152292401163,2.6549602727207415,5.07838676140601,1.3725499053448413
6.512199236638676,2.605887814474564,5.094413909752166,1.3771605139689378
6.469829079435656,2.5579659306105933,5.110441058098322,1.3817711225930343
6.426338409984159,2.5111706989549685,5.126468206444478,1.3863817312171307
6.3820238174762425,2.4654781973338262,5.1424953547906345,1.3909923398412272
6.336787488880145,2.4208020071087573,5.1542338030999995,1.3941914258072308
6.290309216889237,2.377125835610615,5.165740429785755,1.3973142132511756
6.242669708491501,2.3345579565423114,5.1772470564715105,1.4004370006951201
6.193950728896319,2.2932068842594817,5.188753683157265,1.4035597881390647
6.144234043313073,2.253181133117762,5.200260309843021,1.4066825755830092
6.093601416951138,2.214589217472786,5.211766936528775,1.4098053630269538
6.042112590328498,2.1773690058348083,5.221312794690355,1.4122876569926295
5.989695804448894,2.140891699376303,5.229177994116926,1.4142209565483606
5.936319320182654,2.105491973757489,5.237043193543497,1.4161542561040914
5.881963997366766,2.07164281698951,5.244908392970067,1.4180875556598223
5.826610695838228,2.039817217083514,5.252773592396638,1.4200208552155533
5.7702402754340305,2.0104881620506454,5.260638791823209,1.4219541547712842
5.712828848663085,1.9841241888103636,5.275620804659165,1.4258142652821846
5.654070692008163,1.9607170395872793,5.338997148678942,1.4427766902882375
5.594002178687355,1.9399167584089883,5.402373492698719,1.4597391152942902
5.532919089772778,1.9214896974837072,5.465749836718496,1.4767015403003432
5.471117206336552,1.9052022090196539,5.529126180738272,1.493663965306396
5.40889230945079,1.8908206452250447,5.59250252475805,1.5106263903124488
5.346540180187612,1.8781113583080968,5.655878868777826,1.5275888153185015
5.284096205511224,1.867180975222232,5.7315692721159754,1.5478889132257712
5.221080632901065,1.8586399323070797,5.812097341614913,1.5695002397728042
5.157617138789005,1.8521397469603549,5.892625411113851,1.5911115663198374
5.093867815427142,1.8472771709852955,5.9731534806127895,1.6127228928668709
5.029994755067571,1.8436489561851397,6.053681550111728,1.634334219413904
4.966160049962387,1.8408518543631258,6.134209619610665,1.6559455459609371
4.902506746476156,1.8385529479744638,6.209885442786784,1.676266568881786
4.838869376214556,1.8374416270735774,6.274643711736559,1.6936844086437193
4.775182275036338,1.837578141724475,6.339401980686334,1.711102248405653
4.711464796394065,1.83867602146443,6.40416024963611,1.7285200881675866
4.647736293740297,1.840448795830714,6.468918518585886,1.7459379279295202
4.584016120527597,1.8426099943605996,6.533676787535661,1.7633557676914535
4.5203236302085275,1.8448731465913593,6.598435056485437,1.780773607453387
4.456666848531889,1.8475005050546838,6.655312293064089,1.7960854851206376
4.393030653466727,1.8509671441666251,6.711288840228899,1.8111566814056386
4.329404602340965,1.8549185814857907,6.767265387393707,1.826227877690639
4.265778348364777,1.858993035538862,6.823241934558517,1.84129907397564
4.202141544748339,1.86282872485252,6.879218481723327,1.856370270260641
4.138483844701827,1.8660638679534451,6.9351950288881365,1.871441466545642
4.0747958854641055,1.8683836276109718,6.965520535254542,1.8796561605763626
4.011080245173033,1.869937642212762,6.968844946043682,1.8806534838131046
3.947345065638784,1.870973323132088,6.972169356832822,1.8816508070498466
3.883598195871756,1.8717116069677775,6.975493767621962,1.8826481302865883
3.8198474848823403,1.8723734303186577,6.978818178411101,1.8836454535233302
3.7561007816809315,1.8731797297835555,6.982142589200241,1.8846427767600722
3.692365872832124,1.8743497683809496,6.985388740769534,1.8856166222308601
3.628637416654211,1.875746825837162,6.98769578170066,1.8863087345101979
3.5649092157396187,1.8771970135761482,6.990002822631786,1.8870008467895358
3.501183228315189,1.8787419771405283,6.992309863562912,1.8876929590688736
3.4374614126077656,1.8804233620729232,6.9946169044940385,1.8883850713482115
3.3737457268441924,1.8822828139159526,6.9969239454251655,1.8890771836275495
3.3100381292513106,1.884361978212237,6.999230986356292,1.8897692959068872
3.2463392536910733,1.8866880286744736,7,1.89
3.182646171707514,1.8892282887223208,7,1.89
3.1189592755427995,1.891962933948414,7,1.89
3.0552792652304377,1.8948746663558396,7,1.89
2.9916068408039407,1.897946187947686,7,1.89
2.927942702296819,1.9011602007270398,7,1.89
2.8642874845829986,1.904501317864701,7,1.89
2.8006403892235654,1.9079944196024035,7,1.89
2.737001121506518,1.9116452670580253,7,1.89
2.6733698893625983,1.9154442575888462,7,1.89
2.609746900722545,1.9193817885521467,7,1.89
2.5461323635171,1.9234482573052056,7,1.89
2.482526485677005,1.9276340612053038,7,1.89
2.418935580769083,1.9320357380459712,7,1.89
2.3553651088727965,1.93675228826403,7,1.89
2.2918058430444326,1.941640427769691,7,1.89
2.228248316335866,1.9465528203708038,7,1.89
2.16468306179897,1.951342129875216,7,1.89
2.10110061248562,1.9558610200907764,7,1.89
2.0374932056828534,1.9599926003822565,7,1.89
1.9738686403877554,1.963881918217488,7,1.89
1.9102310116034544,1.967579642231897,7,1.89
1.8465821598777064,1.9710936863902968,7,1.89
1.7829239257582672,1.9744319646575024,7,1.89
1.719258149792897,1.9776023909983265,7,1.89
1.6555866705146867,1.980612888808933,7,1.89
1.5919079679610946,1.9834812842515621,7,1.89
1.5282202864759322,1.986204385318101,7,1.89
1.4645246504331373,1.9887607335568909,7,1.89
1.4008220842066545,1.9911288705162768,7,1.89
1.337113612170422,1.9932873377446008,7,1.89
1.273400258698379,1.9952146767902055,7,1.89
1.2096818654219472,1.9968815745137674,6.987304581041995,1.8866764100375333
1.1459552758494798,1.9982659999234895,6.966674525235236,1.8812755763485247
1.0822219959150035,1.999410676321088,6.946044469428478,1.8758747426595166
1.0184840174129217,2.0003630951948606,6.925414413621719,1.8704739089705082
0.9547433321376481,2.001170748033104,6.90478435781496,1.8650730752815
0.8910019318835906,2.0018811263241156,6.884154302008202,1.8596722415924916
0.8272616794047173,2.002536089360288,6.862525723896617,1.8540041359701083
0.7635202213581611,2.0030132039757675,6.837027871853835,1.847300351605897
0.699776583076805,2.0033033990693956,6.811530019811053,1.8405965672416857
0.6360316064246642,2.003485470994371,6.786032167768271,1.8338927828774745
0.572286133265749,2.0036382161038904,6.760534315725489,1.8271889985132632
0.5085410054640704,2.003840430751152,6.7350364636827065,1.820485214149052
0.4447970648836433,2.004170911289352,6.709538611639925,1.8137814297848407
0.38105468517537333,2.0047025071221745,6.656811436767854,1.7993931313038019
0.3173131186274568,2.0054103392994778,6.597057339875323,1.7830217324055173
0.25357205359488805,2.0062041559509867,6.537303242982793,1.7666503335072328
0.18983120168799686,2.006992910158184,6.477549146090261,1.750278934608948
0.12609027451711785,2.0076855550025514,6.41779504919773,1.7339075357106635
0.062348983692581,2.0081910435655725,6.3580409523052,1.717536136812379
-0.0013930069690780652,2.008427492074302,6.299982744895464,1.70163786711391
-0.0651361630284633,2.0084373080596913,6.244637960658204,1.6864966041351472
-0.12888001895423984,2.0082766060941237,6.189293176420943,1.6713553411563844
-0.19262392782982282,2.007986376829576,6.133948392183681,1.6562140781776213
-0.2563672427386232,2.007607610918025,6.0786036079464205,1.6410728151988585
-0.3201093167640575,2.0071812990114486,6.023258823709158,1.6259315522200952
-0.3838495029895352,2.0067484317618236,5.967914039471899,1.6107902892413328
-0.44761790292584397,2.0067175089251617,5.927784465922941,1.5998925303028984
-0.5114256417598482,2.0071955665536434,5.888055292655253,1.5891064425234198
-0.5752378742810137,2.0076999535603797,5.8483261193875675,1.5783203547439415
-0.6390197302347941,2.007747706937503,5.808596946119881,1.5675342669644632
-0.7027363393666427,2.0068558636771474,5.768867772852193,1.5567481791849844
-0.7663528314220089,2.0045414607714465,5.729138599584507,1.5459620914055061
-0.8298713033207548,2.0005207417867137,5.689221745700077,1.535125072079581
-0.8934127531724705,1.9954145050677385,5.649159865884524,1.5242486965586743
-0.9569229792481977,1.9892621776091617,5.609097986068973,1.5133723210377679
-1.0203243523645833,1.981997432615058,5.569036106253421,1.502495945516861
-1.0835392433382671,1.973553943289504,5.52897422643787,1.4916195699959545
-1.1464900229858943,1.963865382836577,5.488912346622318,1.480743194475048
-1.2091194486654953,1.9528947303629836,5.4489036474403765,1.469881265786777
-1.2722874816130394,1.9419028742824431,5.40918744174329,1.4590987946780039
-1.3359458181080548,1.9307839539037264,5.369471236046204,1.4483163235692305
-1.3993498742551638,1.9184201284620104,5.329755030349117,1.437533852460457
-1.4617550661589824,1.9036935571924696,5.29003882465203,1.4267513813516837
-1.5224168099241344,1.8854863993302813,5.250322618954944,1.4159689102429103
-1.5805905216552363,1.8626808141106213,5.210606413257858,1.4051864391341369
-1.6362571214024524,1.8346260824134646,5.166785222137915,1.3934002954181612
-1.690634103426444,1.8021995291218897,5.121548518803195,1.3812680576997016
-1.7433551922962855,1.7659554845047782,5.0763118154684745,1.3691358199812425
-1.7939710813223233,1.7264106460195328,5.031075112133755,1.357003582262783
-1.8420324638149046,1.6840817111235564,4.985838408799034,1.3448713445443234
-1.8870900330843714,1.6394853772742553,4.9406017054643145,1.3327391068258643
-1.9288626656089398,1.5930092067788866,4.895198883023967,1.3205920181358275
-1.9689254850680462,1.543508155173458,4.849463822372368,1.3084152275026368
-2.0069958211522807,1.4910355512850322,4.803728761720769,1.2962384368694464
-2.0420777831774606,1.4361655182988666,4.757993701069168,1.2840616462362555
-2.0731754804594034,1.3794721794002234,4.712258640417569,1.2718848556030649
-2.0992930223139274,1.3215296577743607,4.666523579765971,1.2597080649698744
-2.11943451805685,1.2629120766065338,4.62078851911437,1.2475312743366835
-2.1333787070321812,1.2028226877514439,4.604098100140219,1.2433760192058936
-2.141989397888081,1.14025579940879,4.5898280679725225,1.2398892253669702
-2.145607533969182,1.0761934249506324,4.575558035804825,1.2364024315280469
-2.1445699936127927,1.011627509742262,4.561288003637127,1.2329156376891235
-2.1392136551562206,0.947549999148965,4.5470179714694305,1.2294288438502001
-2.1298753969367743,0.8849528385360291,4.532747939301733,1.2259420500112768
-2.1167236936846847,0.8242786713279082,4.524320106097893,1.2240417706983862
-2.0991042618307674,0.7633750879227061,4.521442361909717,1.2236486801852264
-2.0771243408878863,0.7027081723114075,4.51856461772154,1.223255589672067
-2.051039956301481,0.6432385130974894,4.515686873533364,1.2228624991589074
-2.0211071335169923,0.5859266988844284,4.512809129345188,1.222469408645748
-1.9875818979798612,0.5317333182757052,4.509931385157012,1.2220763181325884
-1.9507045397618599,0.4816138098719329,4.51091172724659,1.2226607209872935
-1.9091427247751767,0.43564784274243945,4.545650324266521,1.2317981908108147
-1.8627290938292131,0.3931145490220984,4.580388921286452,1.2409356606343356
-1.8126221714091275,0.35348779203272007,4.615127518306384,1.2500731304578567
-1.759980482000082,0.3162414350961184,4.649866115326314,1.2592106002813777
-1.7059625500872357,0.28084934153410446,4.684604712346244,1.2683480701048988
-1.651726900155748,0.2467853746684898,4.7193433093661765,1.27748553992842
-1.5976273773971559,0.2139374558012078,4.76082396113987,1.288425758595533
-1.5420293596477181,0.18314178549739674,4.805301081693015,1.3001671989709092
-1.485109737607531,0.15422287205926863,4.84977820224616,1.3119086393462855
-1.4271911616376753,0.12692774487101782,4.894255322799305,1.323650079721662
-1.3685962820992255,0.10100343331683616,4.938732443352451,1.3353915200970383
-1.309647749353262,0.07619696678091784,4.983209563905595,1.3471329604724145
-1.2506296241156905,0.052294746558504045,5.039661782914735,1.3620726690712341
-1.191128211958742,0.029751391568819698,5.126596070720957,1.3851534240570007
-1.1310332478391565,0.008609864338998578,5.213530358527177,1.4082341790427668
-1.0704673146234995,-0.011338139336886372,5.300464646333397,1.431314934028533
-1.0095529951783349,-0.030300923664762097,5.387398934139619,1.4543956890142995
-0.9484128723702336,-0.04848679285055386,5.474333221945837,1.4774764440000652
-0.8871695290657577,-0.06610405110018942,5.561267509752057,1.5005571989858313
-0.8258026885930562,-0.08313105048291376,5.6502562887079755,1.5243990081505188
-0.7641581611720631,-0.09931573599125046,5.739547198715324,1.5483527370474017
-0.7022755334642795,-0.11470744747159639,5.828838108722668,1.5723064659442836
-0.6401972621543576,-0.1293600747770226,5.9181290187300135,1.5962601948411654
-0.5779658039269512,-0.14332750776059933,6.007419928737358,1.620213923738047
-0.5156236154667149,-0.15666363627539678,6.096710838744702,1.644167652634929
-0.453189240866611,-0.16934270976618807,6.187794216320424,1.6687787600940447
-0.3905448180136987,-0.1809518247932437,6.2809688060592554,1.6941568092091008
-0.32772092877237413,-0.19168481036856547,6.374143395798082,1.7195348583241559
-0.2647817524119719,-0.20185650488823886,6.46731798553691,1.744912907439211
-0.20179146820182964,-0.2117817467483489,6.560492575275737,1.770290956554266
-0.13881425541128484,-0.22177537434498065,6.653667165014565,1.7956690056693212
-0.07591412372226118,-0.23215141376889464,6.7441270620989116,1.8203076514372747
-0.013071865512122615,-0.2428225312113442,6.7843651450752915,1.8312673352838322
0.0497646466232924,-0.25353374174664345,6.824603228051672,1.8422270191303898
0.11259978180662303,-0.26425657131649133,6.864841311028053,1.8531867029769473
0.17543790916050844,-0.2749625458625865,6.905079394004434,1.8641463868235049
0.23828339780759064,-0.2856231913266283,6.945317476980817,1.8751060706700629
0.30114061687050325,-0.29621003365031434,6.985555559957197,1.8860657545166204
0.3639990905324903,-0.3068072086845611,7,1.89
0.4268229404184218,-0.31768689276146944,7,1.89
0.4896391444201163,-0.3286389547975656,7,1.89
0.5524799342090918,-0.3394131870455891,7,1.89
0.6153775414568687,-0.3497593817582795,7,1.89
0.6783641978349594,-0.35942733118837544,7,1.89
0.741471405650537,-0.368175390020601,7,1.89
0.8046993130593629,-0.3760628592338591,7,1.89
0.8680237583328432,-0.3832618612246833,7,1.89
0.9314234004918035,-0.38988517806942735,7,1.89
0.9948768985570575,-0.396045591844444,7,1.89
1.0583629115494368,-0.4018558846260876,7,1.89
1.121860098489764,-0.40742883849071193,7,1.89
1.1853746020343157,-0.4126716561815363,7,1.89
1.2489407608403593,-0.41733998759209023,7,1.89
1.3125436496948855,-0.4216055011806162,7,1.89
1.3761670557845145,-0.4256500736858808,7,1.89
1.4397947662958688,-0.429655581846651,7,1.89
1.5034105684155716,-0.4338039024016932,7,1.89
1.567000901380944,-0.4382484813364687,7,1.89
1.6305791940386074,-0.4428477119723706,7,1.89
1.694152504900249,-0.4475177502895714,7,1.89
1.7577235070054835,-0.45222076617203333,7,1.89
1.8212948733939298,-0.45691892950371893,7,1.89
1.884869277105197,-0.4615744101685903,7,1.89
1.948449391178903,-0.46614937805060974,7,1.89
2.0120366438074133,-0.4706238962361148,7,1.89
2.075629160732695,-0.4750245619304414,7,1.89
2.1392246613187673,-0.47938334619605016,7,1.89
2.2028208649296444,-0.48373222009540096,7,1.89
2.2664154909293446,-0.4881031546909543,7,1.89
2.330006258681887,-0.49252812104517035,7,1.89
2.393588983131681,-0.497077736901507,7,1.89
2.457157751844497,-0.5018709507778035,7,1.89
2.520719731257379,-0.5067786589682499,7,1.89
2.584283308670845,-0.5116478667962663,7,1.89
2.6478568713854056,-0.5163255795852725,7,1.89
2.7114488067015743,-0.5206588026586881,7,1.89
2.775067295603875,-0.5245024588074204,7,1.89
2.8387098632909877,-0.5280398245856862,7,1.89
2.9023707391475027,-0.5313527378056687,7,1.89
2.96604721967743,-0.5343663453926228,7,1.89
3.0297366013847746,-0.537005794271803,7,1.89
3.093436180773543,-0.539196231368464,7,1.89
3.1571432543477433,-0.5408628036078605,7,1.89
3.22085975290795,-0.5418353280086099,7,1.89
3.284592445043409,-0.5419987950885331,7,1.89
3.348336877697962,-0.5416082216543674,7,1.89
3.4120881613259497,-0.5409302350961468,7,1.89
3.475841406381714,-0.5402314628039049,7,1.89
3.5395917233195995,-0.5397785321676758,7,1.89
3.6033350052529913,-0.5397976449747469,7,1.89
3.667076566403739,-0.540019209281067,7,1.89
3.7308180530062747,-0.5403444922611674,7,1.89
3.7945589125990247,-0.5407862851271277,7,1.89
3.858298592720418,-0.5413573790910267,7,1.89
3.922036540908869,-0.5420705653649431,7,1.89
3.9857722047028052,-0.5429386351609563,7,1.89
4.049504129502864,-0.5440873053956886,7,1.89
4.113232180738344,-0.5455607979729561,7,1.89
4.176958200239496,-0.5472044477965738,7,1.89
4.24068403352353,-0.5488631862451009,7,1.89
4.304411526107642,-0.5503819446970959,7,1.89
4.3681425235090465,-0.5516056545311181,7,1.89
4.4318787160584,-0.5524308322300733,7,1.89
4.495619774200061,-0.553030601791841,7,1.89
4.559364070486991,-0.5534390049774652,7,1.89
4.623109967844439,-0.5536577503412288,7,1.89
4.686855829197646,-0.5536885464374149,7,1.89
4.750600017471864,-0.5535331018203068,7,1.89
4.814340946517612,-0.553192943127163,7,1.89
4.878080851129182,-0.5526577398301841,7,1.89
4.941820782438012,-0.5519269753579488,7,1.89
5.005559485151695,-0.5510094423279723,7,1.89
5.069295703977826,-0.5499139333577697,7,1.89
5.133028183624005,-0.5486492410648555,7,1.89
5.1967556687978265,-0.5472241580667448,7,1.89
5.260481627835533,-0.5456895761331397,7,1.89
5.32421432024749,-0.5441169526739514,7,1.89
5.387946478156522,-0.5424170892287541,7,1.89
5.451670014069095,-0.5404928858812943,7,1.89
5.515376840491681,-0.5382472427153191,7,1.89
5.579058869930744,-0.535583059814575,7,1.89
5.6427099570141594,-0.5324183701914312,6.999791353477965,1.8899456396664587
5.706350361588813,-0.528897362467245,6.999113252281351,1.8897689685824497
5.769978903685901,-0.5250426420925531,6.9984351510847365,1.889592297498441
5.833584317454565,-0.5208039454259782,6.997757049888122,1.889415626414432
5.897155337043952,-0.5161310088261422,6.997078948691508,1.889238955330423
5.9606806966032115,-0.5109735686516671,6.996400847494894,1.8890622842464142
6.02414913028148,-0.5052813612611757,6.99572274629828,1.8888856131624052
6.087620770576038,-0.4992834714482763,6.978064101326537,1.8842848663050578
6.151147147638643,-0.4931839587711607,6.958464822780494,1.8791785107879004
6.214647766295112,-0.48667605748170345,6.938865544234451,1.874072155270743
6.278041075595296,-0.47944889629335935,6.919266265688408,1.8689657997535851
6.341245524589035,-0.47119160391958415,6.899666987142364,1.8638594442364278
6.404179562326177,-0.4615933090738327,6.8800677085963216,1.8587530887192703
6.466816604780609,-0.45047527929198894,6.803895519985799,1.852777105918758
6.529401002609035,-0.4384017168261248,6.668172899728457,1.845885725977873
6.591856573417522,-0.4253123020907498,6.5324502794711155,1.8389943460369875
6.65404368383334,-0.4110050749573018,6.396727659213767,1.832102966096102
6.7158227004837485,-0.39527807529722003,6.261005038956426,1.8252115861552165
6.7770539899960145,-0.3779293429819419,6.125282418699085,1.818320206214331
6.837598943786491,-0.3587568644990003,6,1.8109595905735427
6.897538634439159,-0.33762905231663687,6,1.7979681465339175
6.956982742327004,-0.3146943603033965,6,1.7849767024942915
7.015910218600346,-0.2901682015461243,6,1.7719852584546663
7.074300014409515,-0.264265989131663,6,1.758993814415041
7.1321310809048395,-0.2372031361468558,6,1.7460023703754157
7.189382369236645,-0.20919505567854604,6,1.7330109263357902
7.246068181618388,-0.18032512022581798,6,1.720154411760222
7.302265644071929,-0.15030068575455885,6,1.707365361916683
7.3579271074161,-0.11913683375789058,6,1.6945763120731443
7.4129954160606095,-0.08687849886744586,6,1.6817872622296053
7.467413414415153,-0.05357061571485751,6,1.6689982123860663
7.521123946889445,-0.019258118931758425,6,1.6562091625425275
7.574067780474876,0.016030970742179452,6,1.6435333168874962
7.62618354607741,0.05256571715757887,6,1.6311857633791391
7.677532686514829,0.09030070457418418,6,1.618838209870782
7.728207927937444,0.12903378338698357,6,1.606490656362425
7.778301996495565,0.1685628039909634,6,1.5941431028540687
7.827907618339504,0.20868561678111547,6,1.5817955493457116
7.877117519619574,0.24920007215242795,6,1.569447995837354
7.925962791674145,0.29008805841912466,6,1.561486095276639
7.974359028261578,0.3315785276561788,6,1.5543215861609498
8.022276568894005,0.3736632708306453,6,1.5471570770452605
8.06968731396781,0.4163287389982498,6,1.5399925679295714
8.116563163879373,0.45956138321471984,6,1.5328280588138818
8.162876019025072,0.503347654535777,6,1.5256635496981927
8.208620024211758,0.5476710114997719,6,1.5200885660863155
8.253922043898353,0.5925098367195474,6,1.516570615479371
8.298736995005362,0.6378880808228415,6,1.5130526648724267
8.3429795032602,0.6838370869941867,6,1.5095347142654825
8.386564194390292,0.7303881984181163,6,1.506016763658538
8.429405694123052,0.7775727582791588,6,1.5024988130515937
8.47141867062156,0.8254221340250427,6,1.4992475341594076
8.512604941303245,0.8739893022310201,6,1.5061297804280387
8.553033658565532,0.9232584690712612,6,1.5130120266966698
8.592730226006584,0.9731633584413639,6,1.5198942729653013
8.631720047224558,1.0236376942369203,6,1.5267765192339324
8.670028525817616,1.074615200353528,6,1.5336587655025635
8.707681065383916,1.1260296006867836,6,1.5405410117711946
8.74467662825052,1.1778664788735966,6,1.5493207562751685
8.780944742835638,1.230263430112474,6,1.5592864371762316
8.816516177797688,1.2831791556190764,6,1.5692521180772954
8.851432427122413,1.3365522182001492,6,1.5792177989783585
8.88573498479557,1.3903211806624467,6,1.5891834798794218
8.919465344802909,1.4444246058127184,6,1.599149160780485
8.952661153952358,1.4988058518768144,6,1.6067174229851742
8.985243307929315,1.5535586637449563,6,1.6049956877414135
9.017197927784107,1.6087085855937622,6,1.6032739524976527
9.048569184213635,1.6642109179230973,6,1.601552217253892
9.079401247914802,1.7200209612328243,6,1.5998304820101312
9.109738289584504,1.776094016022805,6,1.5981087467663704
9.139624479919648,1.8323853827929055,6,1.5963870115226098
9.169028133227869,1.8889125724374394,5.978523387198242,1.5935892649304215
9.197848940212724,1.94575976349256,5.951504422705709,1.5905138379902524
9.226153264173634,2.002883269258886,5.924485458213176,1.587438411050083
9.25401271265299,2.0602352378858595,5.897466493720642,1.5843629841099138
9.281498893193188,2.1177678175229273,5.870447529228107,1.5812875571697445
9.30868341333662,2.175433156319529,5.843428564735574,1.578212130229575
9.335643538266579,2.233185778621799,5.815135446736945,1.573238149876573
9.362446375176637,2.291028920542261,5.784803683128564,1.5652264840630388
9.388999595634088,2.349001214503298,5.754471919520182,1.5572148182495043
9.415184367803109,2.4071406263663007,5.7241401559118,1.54920315243597
9.440881859847869,2.46548512199266,5.693808392303417,1.5411914866224352
9.46597323993254,2.52407266724376,5.663476628695036,1.533179820808901
9.49033967622129,2.5829412279809922,5.6331448650866545,1.5251681549953666
9.514032321591047,2.6420916475532015,5.612247324169383,1.5196483930614586
9.537174025743948,2.701490702192632,5.591598052270299,1.5141942075454355
9.559728699720486,2.761129954804759,5.5709487803712125,1.5087400220294123
9.581660145898022,2.8210009889207224,5.550299508472128,1.5032858365133894
9.60293216665391,2.88109538807167,5.529650236573044,1.4978316509973664
9.623508564365517,2.941404735788747,5.50900096467396,1.4923774654813433
9.643356957040638,3.001933130022074,5.5,1.49
9.662486383430604,3.0627218906054385,5.5,1.49
9.680927874507018,3.1237488621094,5.5,1.49
9.698712306994668,3.1849837229663964,5.5,1.49
9.715870557618342,3.246396151608873,5.5,1.49
9.732433503102826,3.3079558264692746,5.5,1.49
9.748432119185678,3.369633616055969,5.498571213759398,1.489590693541186
9.763887625180157,3.43146565784526,5.489284103195485,1.486930201558895
9.77877463806417,3.493469884013678,5.479996992631572,1.4842697095766042
9.793056750742037,3.5556298873302308,5.47070988206766,1.4816092175943134
9.806697556118065,3.6179292605639293,5.461422771503748,1.4789487256120226
9.819660647096569,3.680351596483778,5.4521356609398355,1.4762882336297316
9.831909616581855,3.7428804878587814,5.442848550375922,1.4736277416474408
9.843680586913544,3.805514812173296,5.4268939495552315,1.4690572040973615
9.855395295486634,3.8682803247054025,5.408640214163239,1.4638280301445972
9.866615046151388,3.9311702006498197,5.390386478771245,1.4585988561918324
9.876863921330092,3.9941758837849313,5.372132743379251,1.4533696822390674
9.885666003445028,4.057288817889127,5.353879007987259,1.448140508286303
9.892545374918482,4.120500446740809,5.335625272595265,1.4429113343335382
9.897081859295955,4.18381761868186,5.319829224185433,1.4385035778803628
9.899674907132821,4.247396826439695,5.308948549739923,1.4357386564263648
9.90054260762962,4.311181099620025,5.298067875294412,1.432973734972367
9.89971776887687,4.375043046980414,5.287187200848901,1.4302088135183695
9.897233198965093,4.438855277278447,5.276306526403391,1.4274438920643715
9.893121705984813,4.502490399271681,5.265425851957881,1.424678970610374
9.88741609802654,4.565821021717697,5.25454517751237,1.4219140491563762
9.880050738146751,4.628931435702162,5.246847481852133,1.4202066231895387
9.870957111764628,4.6919939840257605,5.239415034424001,1.4185873218466312
9.860216973874055,4.754908712173877,5.231982586995869,1.4169680205037234
9.847912812108618,4.817574221249207,5.2245501395677385,1.415348719160816
9.834127114101904,4.87988911235446,5.217117692139606,1.4137294178179085
9.818942367487496,4.941751986592326,5.209685244711475,1.412110116475001
9.802482966737802,5.003169333721506,5.195167885204171,1.4082319351910146
9.784940134013453,5.064579866159666,5.173919859221651,1.402207817963003
9.76610624142216,5.125790396339369,5.1526718332391335,1.3961837007349922
9.745722333582824,5.186502576410626,5.131423807256614,1.3901595835069809
9.723529455114356,5.246418058523423,5.110175781274097,1.38413546627897
9.699268650635661,5.305238494827774,5.088927755291577,1.3781113490509584
9.672687165648513,5.3626762041180465,5.0673292409271005,1.371986020675341
9.644217065047478,5.419560941405544,5.042663953220507,1.3649750947581714
9.614044379413052,5.476100960630097,5.017998665513912,1.3579641688410011
9.581875768715332,5.531639777441084,4.993333377807319,1.3509532429238313
9.547417892924386,5.585520907487906,4.9686680901007225,1.3439423170066611
9.510377412010305,5.637087866419947,4.9440028023941265,1.3369313910894909
9.470460985943166,5.68568416988659,4.919337514687533,1.3299204651723213
9.42726467492481,5.731026212932312,4.886331047934598,1.3211110492963254
9.380595586241895,5.773879861968025,4.849617390494402,1.3115023045497411
9.331024187400185,5.814307522617414,4.812903733054204,1.301893559803156
9.27915699164147,5.852308289760453,4.776190075614007,1.2922848150565711
9.22560051220752,5.887881258277113,4.739476418173812,1.2826760703099869
9.170961262340107,5.921025523047381,4.702762760733614,1.2730673255634017
9.115764150113218,5.951748860498184,4.6686424509957165,1.2641373150494695
9.05910198402611,5.9801749406863784,4.641123389954574,1.256934991673196
9.000810735047937,6.006263172882368,4.61360432891343,1.2497326682969225
8.941232397265628,6.029907699362556,4.58608526787229,1.2425303449206495
8.8807089647661,6.051002662403358,4.558566206831147,1.235328021544376
8.819582431636285,6.069442204281175,4.531047145790007,1.2281256981681032
8.758194791963094,6.085120467272419,4.503528084748863,1.2209233747918298
8.696308901056407,6.098103732257905,4.5,1.22
8.633354183173267,6.10856307194228,4.5,1.22
8.5696938602782,6.116396028715392,4.5,1.22
8.505703771679734,6.121496421360221,4.5,1.22
8.441759756686391,6.123758068659748,4.5,1.22
8.378237654606709,6.123074789396956,4.5,1.22
8.315332629366994,6.119368153987728,4.501807316964454,1.2204290070917774
8.252166966807811,6.112761702719083,4.505723170387437,1.221358522457295
8.18891387287951,6.10327975616458,4.50963902381042,1.2222880378228123
8.125994670740157,6.090913570347576,4.513554877233404,1.2232175531883298
8.063830683547842,6.075654401291436,4.517470730656387,1.2241470685538474
8.002843234460634,6.057493505019516,4.521386584079371,1.2250765839193647
7.943450824634201,6.0364219017241645,4.525559092625473,1.2260670221169723
7.884927330039918,6.012351279707971,4.534479720949255,1.2281845327082417
7.826866832724374,5.985279085937004,4.543400349273038,1.2303020432995113
7.769853704082901,5.955298817880147,4.552320977596821,1.232419553890781
7.714472315510845,5.922503973006295,4.561241605920604,1.2345370644820506
7.661307038403537,5.886988048784333,4.570162234244387,1.2366545750733202
7.6109422441563135,5.848844542683152,4.57908286256817,1.2387720856645899
7.563641288763555,5.807914953512553,4.591499947909147,1.2420347674994343
7.518629594273907,5.763590282169844,4.605875049179755,1.245938745230681
7.475915171240636,5.71630578605346,4.62025015045036,1.2498427229619273
7.435596259961303,5.666584984973445,4.634625251720967,1.253746700693174
7.397771100733486,5.614951398739856,4.649000352991574,1.2576506784244206
7.362537933854764,5.5619285471627515,4.663375454262179,1.261554656155667
7.330016292569057,5.507980304188719,4.678243176037985,1.2656331069917612
7.300696734998321,5.452112873202924,4.694752966164454,1.2702931348440138
7.274380437386413,5.394188254084949,4.711262756290923,1.274953162696267
7.250573601213196,5.334731311121976,4.727772546417391,1.2796131905485193
7.228782427958516,5.274266908601164,4.7442823365438604,1.2842732184007724
7.208513119102232,5.213319910809686,4.76079212667033,1.2889332462530254
7.189271876124199,5.152415182034718,4.777301916796798,1.293593274105278
7.171101282780803,5.09157369245518,4.823367353447798,1.306156198772087
7.154692139612992,5.030130207207968,4.875898087776037,1.3204478821170795
7.139852200103687,4.968187204013948,4.92842882210428,1.3347395654620733
7.12636504030603,4.905869122725667,4.9809595564325235,1.3490312488070668
7.114014236273167,4.843300403195672,5.033490290760762,1.3633229321520592
7.1025833640582405,4.780605485276493,5.086021025089004,1.377614615497053
7.091961588066385,4.717871472840016,5.141512644832495,1.392696289311677
7.082808735011325,4.654879029026743,5.2012605373604135,1.4089135744263979
7.07497122898773,4.591633928001927,5.261008429888333,1.425130859541119
7.068067747085202,4.528216540726211,5.320756322416247,1.4413481446558385
7.061716966393336,4.464707238160223,5.380504214944167,1.4575654297705594
7.055537564001736,4.40118639126461,5.44025210747208,1.473782714885279
